Na svoji zemlji,
Na Tum Jaano Na Hum,
Naagu,
Naavadakku Paniyedukku,
Nabi,
Nacho Libre,
Nadja,
Nagaram,
Nagin,
Najangalude Kochu Doctor,
Naked,
Naked Alibi,
The Naked City,
The Naked Edge,
The Naked Feminist,
The Naked Gun: From the Files of Police Squad!,
The Naked Gun 2Â_: The Smell of Fear,
Naked Gun 33â…“: The Final Insult,
The Naked Island,
The Naked Jungle,
Naked Killer,
The Naked Kiss,
Naked Lunch,
The Naked Maja,
Naked in New York,
The Naked Prey,
The Naked Proof,
The Naked Runner,
The Naked Spur,
The Naked Truth,
Naked Weapon,
Nala Damayanthi,
Nam's Angels,
Namak Haraam,
Name of the Rose,
The Name of the Rose,
The Nameless,
Names in Marble,
The Namesake,
Namkeen,
Nana to Kaoru,
Nana to Kaoru: Chapter 2,
Nancy Drew,
Nancy Goes to Rio,
Nandha,
Nang Nak,
The Nanny,
The Nanny Diaries,
Nanny McPhee,
Nanny McPhee Returns,
Nanook of the North,
"NaplÃ_ apÃ¡mnak, anyÃ¡mnak",
Napoleon Dynamite,
Napoleon and Samantha,
Napoli violenta,
NapolÃ©on,
Naqoyqatsi,
Narc,
Narrow Margin,
The Narrow Margin,
Naruto the Movie: Snow Princess' Book of Ninja Arts,
Nashville,
The Nasty Girl,
National Lampoon Goes to the Movies,
National Lampoon Presents Dorm Daze,
National Lampoon's Animal House,
National Lampoon's Christmas Vacation,
National Lampoon's Christmas Vacation 2: Cousin Eddie's Island Adventure,
National Lampoon's Class Reunion,
National Lampoon's Dorm Daze 2,
National Lampoon's European Vacation,
National Lampoon's Gold Diggers,
National Lampoon's Last Resort,
National Lampoon's Loaded Weapon 1,
National Lampoon's Pledge This!,
National Lampoon's Senior Trip,
National Lampoon's Vacation,
National Lampoon's Van Wilder,
National Lampoon's Van Wilder: The Rise of Taj,
National Lampoon's Van Wilder: Freshman Year,
National Security,
National Treasure,
National Treasure: Book of Secrets,
National Velvet,
Native Land,
Nativity 2: Danger in the Manger,
The Nativity Story,
Nativity!,
The Natural,
Natural Born Killers,
Natural City,
The Nature of the Beast,
Nature Law,
Nature's Touch,
Naughty Marietta,
The Naughty Nineties,
NausicaÃ_ of the Valley of the Wind,
Navajo Joe,
Navarasa,
The Navigator,
The Navigator: A Medieval Odyssey,
The Navigators,
Navy SEALs,
Nazarin,
The Nazis Strike,
The Neanderthal Man,
Near Dark,
The Nearsighted School Teacher,
Nebraska,
Necessary Roughness,
Necronomicon,
Ned Kelly,
Need for Speed,
Needful Things,
Needing You,
The Negotiator,
Neighbors,
Neil Young: Heart of Gold,
Nell,
Nemesis,
Nemesis Game,
The Neon Bible,
Nerrukku Ner,
Nerve,
The Nest,
The Nesting,
The Net,
Netto,
Network,
Das Netz,
Nevada Smith,
The Nevadan,
Never Back Down,
Never Been Kissed,
Never Cry Wolf,
Never Die Alone,
Never a Dull Moment,
Never Give a Sucker an Even Break,
Never Let Me Go,
Never Said Goodbye,
Never Say Never Again,
Never So Few,
Never on Sunday,
Never Talk to Strangers,
Never Too Late,
The Neverending Story,
The NeverEnding Story II: The Next Chapter,
The NeverEnding Story III,
The New Adventures of Pippi Longstocking,
The New Age,
New Best Friend,
The New Daughter,
The New Guy,
New Happy Dad and Son 2: The Instant Genius,
New Jack City,
The New Janitor,
A New Leaf,
New Moon,
New Pillow Fight,
New Police Story,
New Rose Hotel,
New in Town,
New Waterford Girl,
New Women,
The New World,
New Year's Day,
New Year's Eve,
New York Doll,
New York Minute,
The New York Ripper,
New York Stories,
"New York, I Love You",
"New York, New York",
New York New York,
Newark Athlete,
Newsies,
The Newton Boys,
Next,
The Next Best Thing,
Next Day Air,
Next Friday,
The Next Karate Kid,
Next of Kin,
Next Stop Wonderland,
The Next Three Days,
Nezha,
Nezha,
Niagara,
"Niagara, Niagara",
Nicholas and Alexandra,
Nicholas Nickleby,
Nick Fury: Agent of S.H.I.E.L.D.,
Nick and Norah's Infinite Playlist,
Nick of Time,
Nickelodeon,
Nigakute Amai,
The Night Before,
A Night in Casablanca,
Night and the City,
Night in the City,
Night of the Day of the Dawn of the Son of the Bride of the Return of the Revenge of the Terror of the Attack of the Evil,
Night of the Comet,
Night of the Creeps,
Night and Day,
Night of the Demons,
Night of the Demons III,
Night on Earth,
Nightfall,
The Night Flier,
Night and Fog,
The Night of the Following Day,
The Night of the Generals,
The Night God Screamed,
A Night in Heaven,
Night of the Hunter,
The Night of the Iguana,
Night Inn,
Night of the Lepus,
The Night Listener,
Night of the Living Dead,
Night of the Living Dead 3D,
Night Moves,
Night at the Museum,
Night at the Museum: Battle of the Smithsonian,
Night Nurse,
A Night at the Opera,
A Night Out,
Night Passage,
The Night Porter,
A Night to Remember,
A Night at the Roxbury,
Night Shift,
The Night of the Shooting Stars,
A Night in the Show,
Night Skies,
The Night That Panicked America,
Night Train,
Night Train to Munich,
Night Watch,
The Night Watchman,
The Night of the White Pants,
Nightbreed,
Nighthawks,
Nightmare,
Nightmare Alley,
The Nightmare Before Christmas,
Nightmare Castle,
Nightmare City,
A Nightmare on Elm Street,
A Nightmare on Elm Street 2: Freddy's Revenge,
A Nightmare on Elm Street 3: Dream Warriors,
A Nightmare on Elm Street 4: The Dream Master,
A Nightmare on Elm Street 5: The Dream Child,
A Nightmare on Elm Street,
Nightmares,
Nights of Cabiria,
Nights in Rodanthe,
Nightwatch,
Nil by Mouth,
Nim's Island,
Nimed marmortahvlil,
Nine to Five,
The Nine Lives of Fritz the Cat,
Nine Months,
Nine Queens,
Ninja Academy,
Ninja Assassin,
Ninja III: The Domination,
Ninja Scroll,
Ninotchka,
The Ninth Configuration,
The Ninth Day,
The Ninth Gate,
Nirvana,
Nirvana Street Murder,
Nishi Ginza Station,
Nitrate Kisses,
Nixon,
No Country for Old Men,
"No Deposit, No Return",
"No Dessert, Dad, till You Mow the Lawn",
No Direction Home,
No Escape,
No Highway in the Sky,
No Holds Barred,
No Impact Man,
No Man's Land,
No Manches Frida,
No Mercy,
No Mercy for the Rude,
No Name on the Bullet,
No One Killed Jessica,
No One Lives,
No One Would Tell,
No Regret,
No Regrets for Our Youth,
No Reservations,
"No Retreat, No Surrender",
"No Retreat, No Surrender 2",
No Rules,
No Skin Off My Ass,
No Small Affair,
No Smoking,
"No sos vos, soy yo",
No Strings Attached,
No Such Thing,
No Surrender,
No Time for Nuts,
No Time for Sergeants,
No Way Out,
The Noah,
Noah,
Nobel Son,
Nobody Knows,
Nobody Walks,
Nobody's Fool,
Nobunaga Concerto,
Nocturnal Animals,
Noel,
Noi the Albino,
Noirs et blancs en couleur,
Noises Off...,
Nomad,
Nomad: The Warrior,
Nomads,
Nonchan Noriben,
None But the Lonely Heart,
Nongjungjo,
Noo Hin: The Movie,
Noor pensionÃ_r,
Noored kotkad,
The Noose,
Nora's Hair Salon,
Norbit,
The Normal Heart,
Norma Rae,
Normais, Os - O Filme
Normal,
El Norte,
North,
North by Northwest,
North Country,
North Dallas Forty,
North East Past: Po Ma Zhang Fei,
North Star,
North to Alaska,
North West Mounted Police,
Northfork,
Northwest Passage,
Norwegian Wood,
Nosferatu, a Symphony of Horror
Nosferatu: Phantom der Nacht,
Nostalghia,
Not Another Teen Movie,
Not Easily Broken,
Not Forgotten,
Not One Less,
Not as a Stranger,
Not of This Earth,
The Notebook,
Notes on a Scandal,
Nothing,
Nothing But the Best,
Nothing But Trouble,
Nothing But the Truth,
Nothing in Common,
Nothing Lasts Forever,
Nothing to Lose,
Nothing Sacred,
Notorious,
The Notorious Bettie Page,
La Notte,
Le Notti Bianche,
Notting Hill,
Nousukausi,
November,
Novocaine,
Now Is Good,
Now and Then,
Now You See Me,
Now You Know,
"Now, Voyager",
Nowhere,
Nowhere in Africa,
Nowhere Boy,
Nowhere to Hide,
Nowhere to Run,
Nozoki Ana,
Nuan,
The Nude Bomb,
Nude on the Moon,
Nueve reinas,
The Nugget,
Numa Numa,
The Number 23,
The Nun's Story,
Nuns on the Run,
Nuovo Cinema Paradiso,
Nurse Betty,
The Nut,
The Nut Job,
Nuts,
The Nutty Professor,
Nutty Professor II: The Klumps,
Nuvve Nuvve,
Nuvvu Naaku Nachav,
Nyfes,
O,
"O Brother, Where Art Thou?",
O.C. and Stiggs,
O Fantasma,
O Homem Que Copiava,
O Lucky Man!,
Oasis,
Oasis of the Zombies,
Oberst Redl,
The Object of My Affection,
The Objective,
"Objective, Burma!",
Oblivion,
The Oblong Box,
Oboreru Knife,
Observe and Report,
Obsessed,
Obsession,
The Ocean,
Ocean's Eleven,
Ocean's Thirteen,
Ocean's Twelve,
The Octagon,
Octaman,
Octane,
October Moon,
October Sky,
October: Ten Days That Shook the World,
Octopus,
Octopussy,
The Odd Angry Shot,
Odd Couple,
The Odd Couple,
The Odd Couple II,
Odd Girl Out,
The Odd Job,
Odd Jobs,
The Odd Life of Timothy Green,
Odd Man Out,
Odds Against Tomorrow,
The Odessa File,
Of Freaks and Men,
Of Gods and Men,
Of Human Bondage,
Of Human Hearts,
Of Mice and Men,
Off Limits,
Off the Map,
The Off Season,
Off-Balance,
The Offence,
The Offenders,
Office Christmas Party,
Office Killer,
Office Space,
Officer Down,
An Officer and a Gentleman,
The Official Story,
The Official Version,
OffOn,
Offside,
Oh Heavenly Dog,
"Oh, Johnny, How You Can Love!",
Oh Mong-nyeo,
The OH in Ohio,
Oh! My God,
Oh! What a Lovely War,
"Oh, God!",
"Oh, God! Book II",
"Oh, God! You Devil",
"Oh, Mr. Porter!",
"Oh, My God",
"Oh, What a Night",
Oh... Rosalinda!!,
Ohm KrÃ_ger,
Ohtlikud mÃ_ngud,
"The Oil, the Baby and the Transylvanians",
Oily Hare,
Ojarumaru the Movie: The Promised Summer - Ojaru and Semira,
OK Baytong,
OK Connery,
Ok-nyeo,
Okinawa Rendez-vous,
Oklahoma,
The Oklahoma Kid,
Oklahoma!,
OkouzlenÃ¡,
Okraina,
Old Acquaintance,
The Old Dark House,
Old Dogs,
Old Enough,
Old Fashioned,
Old Glory,
The Old Grey Hare,
Old Gringo,
Old Joy,
The Old Maid,
The Old Man and the Sea,
The Old Mill,
Old School,
Old Yeller,
Oldboy,
OldBoy,
Oleanna,
Oliver & Company,
Oliver Twist,
Oliver!,
Oliver's Story,
Olivia,
Olly Olly Oxen Free,
Los olvidados,
Olympia,
Olympus Has Fallen,
Om Jai Jagadish,
Om Shanti Om,
Omagh,
The Omega Code,
The Omega Man,
The Omen,
Omen II,
Omen III: The Final Conflict,
Omen IV: The Awakening,
Omkara,
One A.M.,
127 Hours,
On the 2nd Day of Christmas,
On Any Sunday,
On the Beach,
On the Beat,
On the Riviera,
On Borrowed Time,
On a Clear Day,
On a Clear Day You Can See Forever,
On Dangerous Ground,
On Deadly Ground,
On the Double,
On - drakon,
On the Edge of Innocence,
On Golden Pond,
On the Green Carpet,
On Her Majesty's Secret Service,
On Hostile Ground,
On the Job,
On Line,
On Line,
On the Line,
On Moonlight Bay,
On the Nameless Height,
On the Occasion of Remembering the Turning Gate,
On the Riviera,
On the Road,
On with the Show,
One Night Stud,
One Step Away,
One Week Friends,
On Top,
On the Top of the Cherry Tree,
On the Town,
On the Waterfront,
On the Wrong Trek,
Onna no Ana,
Once,
Once Bitten,
Once a Cop,
Once in the Life,
Once in a Lifetime: The Extraordinary Story of the New York Cosmos,
Once a Thief,
Once a Thief: Brother Against Brother,
 ,
Once a Thief: Family Business,
 ,
Once Upon a Forest,
Once Upon a Girl,
Once Upon a Honeymoon,
Once Upon a Time,
Once Upon a Time in America,
Once Upon a Time in Anatolia,
Once Upon a Time in China,
Once Upon a Time in China II,
Once Upon a Time in China III,
Once Upon a Time in China IV,
Once Upon a Time in China V,
Once Upon a Time in China VI,
Once Upon a Time in High School,
Once Upon a Time in Mexico,
Once Upon a Time in the Midlands,
Once Upon a Time in Tibet,
Once Upon a Time in the West,
Once Were Warriors,
Ondine,
The One,
One 2 Ka 4,
One Body Too Many,
One Crazy Summer,
One Day in Europe,
One Day in September,
One Deadly Summer,
One and Eight,
One Direction: This Is Us,
One Eight Seven,
One Fine Day,
One Fine Spring Day,
One Flew Over the Cuckoo's Nest,
One Foot in Heaven,
One Froggy Evening,
One Good Cop,
One Good Turn,
One from the Heart,
One Hour Photo,
One Hour in Wonderland,
One Hour with You,
One Hundred Men and a Girl,
One Hundred and One Dalmatians,
One Last Dance,
One Last Thing...,
One Leg Kicking,
One Little Indian,
One Magic Christmas,
One Man Band,
One Million B.C.,
One Million Years B.C.,
One Minute to Nine,
One Missed Call,
One for the Money,
One More Time,
One Night Husband,
One Night of Love,
One Night at McCool's,
One Night Only,
One Night Stand,
One Night in the Tropics,
The One and Only,
"The One and Only, Genuine, Original Family Band",
One of Our Aircraft Is Missing,
One of Our Dinosaurs is Missing,
One Perfect Day,
One Piece: The Movie,
One Piece The Movie: Dead End no BÅçken,
One Piece: The Cursed Holy Sword,
One Piece Movie: The Desert Princess and the Pirates: Adventures in Alabasta,
One Piece Film: Strong World,
One Piece Film: Z,
One Piece Film Gold,
"One Potato, Two Potato",
One Shot,
One Touch of Venus,
One True Thing,
One Way Street,
One Week,
One Wonderful Sunday,
"One,  Two, Three",
One-Armed Swordsman,
One-Eyed Jacks,
One-Way Ticket to Mombasa,
Onegin,
Ong Bak 2,
Ong-Bak: Muay Thai Warrior,
Onibaba,
The Onion Field,
Onion From the Boot of a Benz,
The Onion Movie,
Only Angels Have Wings,
Only God Forgives,
Only the Lonely,
Only Lovers Left Alive,
The Only Son,
Only the Strong,
Only When I Larf,
Only When I Laugh,
Only Yesterday,
Only You,
Onmyoji,
The Oogieloves in the Big Balloon Adventure,
The Opening of Misty Beethoven,
Opasniye Povoroty,
Open All Night,
Open City,
Open Hearts,
Open House,
Open Range,
Open Season,
Open Season 2,
Open Season 3,
Open Water,
Open Water 2,
Opening of the Kiel Canal,
Opening Nights,
Opera,
Operation Avalanche,
Operation Daybreak,
Operation Dumbo Drop,
Operation Mekong,
Operation Pacific,
Operation Petticoat,
Operation Snatch,
Operation: Endgame,
The Opium War,
The Opposite of Sex,
The Optimists of Nine Elms,
OpÃ©ration BÃ©ton,
Or ,
Orange,
Orange County,
The Oranges,
Orca,
The Orchid House,
The Ordeal,
Ordeal by Innocence,
The Order,
Ordet,
Ordinary Decent Criminal,
Ordinary People,
The Organizer,
Orgazmo,
Orgy of the Dead,
Original Gangstas,
The Original Kings of Comedy,
Original Sin,
Orlando,
Orphan,
The Orphan of Anyang,
Orphan's Benefit,
The Orphanage,
Orphans,
Orphans of the Storm,
Orpheus,
OrphÃ©e,
Osama,
Oscar,
Oscar and Lucinda,
Oscar Wilde,
"Oslo, August 31st",
Osmosis Jones,
Ossessione,
Ossos,
The Osterman Weekend,
OtesÃ¡nek,
Othello,
The Other,
The Other Boleyn Girl,
The Other Final,
The Other Guys,
The Other Half,
The Other Man,
Other Men's Women,
Other People's Money,
The Other Side of the Bed,
The Other Side of Heaven,
The Other Side of Midnight,
The Other Side of the Wind,
The Other Sister,
The Other Woman,
The Others,
Otoko no IsshÅç,
Ouija,
Our Beloved Month of August,
Our Dancing Daughters,
Our Daughter,
"Our Friend, Martin",
Our Hospitality,
Our Idiot Brother,
Our Lady of the Assassins,
Our Man Flint,
Our Man in Havana,
Our Miss Brooks,
Our Relations,
Our Song,
Our Times,
Our Town,
Our Wife,
Out 1,
Out of Africa,
Out of the Blue,
Out Cold,
Out of Control,
Out of the Darkness,
Out for Justice,
Out for a Kill,
Out of My Intention,
Out of the Past,
Out of Reach,
Out to Sea,
Out of Sight,
Out of Time,
Out West,
Out of the Wilderness,
The Out-of-Towners,
Outbreak,
Outcast,
The Outfit,
Outfoxed: Rupert Murdoch's War on Journalism,
Outland,
Outlander,
Outlaw,
The Outlaw,
The Outlaw Josey Wales,
Outlaws and Angels,
The Outlaws Is Coming,
Outpost,
The Outrage,
Outrageous!,
Outside the Law,
Outside Providence,
Outsider,
The Outsiders,
Outsourced,
Over the Brooklyn Bridge,
Over the Edge,
Over the Hedge,
Over Her Dead Body,
Over the Hill to the Poorhouse,
Over the Rainbow,
Over the Top,
Overboard,
Overdrawn at the Memory Bank,
The Overlanders,
Overlord,
Overnight,
Overnight Delivery,
Owning Mahowny,
The Ox,
The Ox-Bow Incident,
Oxford Blues,
The Oxford and Cambridge University Boat Race,
The Oxford Murders,
Oxhide,
Oyster Farmer,
Oysters at Nam Kee's,
Oz the Great and Powerful,