A,
A Aa E Ee,
A Cinderella Story ,
A-ge-man,
A-Haunting We Will Go,
A Knights tale ,
A.K.G.,
A Nightmare on Elm St ,
Ã€ Nos Amours,
Ã€ Nous la LibertÃ©,
Ã€ propos de Nice,
A Single Shot,
The A-Team,
A Thousand Words,
A Very Harold & Kumar 3D Christmas,
A Walk Among the Tombstones,
A Walk To Remember ,
A Wednesday!,
Aa Ab Laut Chalen,
Aa Chithrashalabham Parannotte,
Aa Dekhen Zara,
Aa Dinagalu,
Aa Divasam,
Aa Gale Lag Jaa,
Aa Jaa Sanam,
Aa Naluguru,
Aa Neram Alppa Dooram,
Aa Nimisham,
Aa Okkadu,
Aa Okkati Adakku,
Aa Raathri,
Aaaah,
Aaag Hi Aag,
Aabharanacharthu,
Aabhijathyam,
Aabra Ka Daabra,
Aabroo,
Aachariyangal,
Aacharya,
Aacharyan,
Aachi & Ssipak,
Aada Paduchu,
Aadaalla Majaka,
Aadab Arz,
Aadama Jaichomada,
Aadamkhor,
Aadanthe Ado Type,
Aadarsa Kutumbam,
Aadarsham,
Aadat Se Majboor,
Aadavaallu Meeku Joharlu,
Aadavari Matalaku Arthale Verule,
Aadhaaram,
Aadharsam,
Aadharshila,
Aadhi,
"Aadhi Haqeeqat, Aadha Fasana",
Aadhi Lakshmi,
Aadhi Mimansa,
Aadhi Raat,
Aadhi Raat Ke Baad,
Aadhi Thaalam,
Aadhipathyam,
Aadhityan,
Aadhiyugam,
Aadhya Paadam,
Aadhyamayi,
Aadhyate Anubhavam,
Aadhyathe Katha,
Aadi,
Aadi Mimansa,
Aadi Velli,
Aadipaapam,
Aadithya,
Aadivaram Adavallaku Selavu,
Aadmi,
Aadmi Aur Aurat,
Aadmi Aur Insaan,
Aadmi Khilona Hai,
Aadmi Sadak Ka,
Aadu,
Aadu Magaadra Bujji,
Aadu Puli,
Aadu Puli Attam,
Aadukalam,
Aadum Koothu,
Aadyakiranangal,
Aadyarathrikku Munbu,
Aadyathe Anuraagam,
Aadyathe Kanmani,
Aafat,
Aag,
Aag Aandhi Aur Toofan,
Aag Aur Chingari,
Aag Aur Daag,
Aag Aur Shola,
Aag Aur Toofan,
Aag Hi Aag,
Aag Ka Dariya,
Aag Ka Gola,
Aag Ka Toofan,
Aag Ke Sholay,
Aag Laga Do Sawan Ko,
Aag Se Khelenge,
Aagadu,
Aagamanam,
Aagatha,
Aagathan,
Aagaya Thamaraigal,
Aage Badho,
Aage Kadam,
Aage Ki Soch,
Aagey Se Right,
Aaghaaz,
Aaghosham,
Aagneyam,
Aagraham,
Aah ,
Aaha Kalyanam,
Aahaa,
Aahaa Enna Porutham,
Aahaa Ethanai Azhagu,
Aahaa...!,
Aahat â€“ Ek Ajib Kahani,
Aahuti,
Aahvaanam,
Ai,
Aai Bahar,
Aai Shappath..!,
Aaina,
Aaj Ka Arjun,
Aaja Nachle,
Aakhree Raasta,
Aakrosh,
Aalvar,
Aamdani Atthani Kharcha Rupaiyaa,
Aamir,
Aan,
Aan: Men at Work,
Aanaval Mothiram,
Aandhi,
Aankh Michouli,
Aankhen,
Aao Pyaar Karen,
Aapathbandhavudu,
Aap Mujhe Achche Lagne Lage,
Aapo,
Aar Paar,
Aarakshan,
Aro Tolbukhin. En la mente del asesino,
Aaron Loves Angela,
Aaru,
Aarzoo,
Aasai,
Aashayein,
Aashiq,
Aashiq Banaya Aapne: Love Takes Over,
Aashiq Awara,
Aashiq Banaya Aapne,
Aashiqui,
Aathi,
Aatish: Feel the Fire,
Aaye Din Bahar Ke,
Aayitha Ezhuthu,
Aayushkalam,
Ab Tak Chhappan,
Ab Tak Chhappan 2,
Abandon,
Abandoned,
The Abandoned,
The Abandonment,
ABBA: The Movie,
ABCD 2,
ABHAAS,
Abbott and Costello in the Foreign Legion,
Abbott and Costello Go to Mars,
Abbott and Costello in Hollywood,
Abbott and Costello Meet Captain Kidd,
Abbott and Costello Meet Dr. Jekyll and Mr. Hyde,
Abbott and Costello Meet Frankenstein,
Abbott and Costello Meet the Invisible Man,
Abbott and Costello Meet the Keystone Kops,
"Abbott and Costello Meet the Killer, Boris Karloff",
Abbott and Costello Meet the Mummy,
Abby,
The Abdication,
Abduction,
Abduction: The Megumi Yokota Story,
Abe Lincoln in Illinois,
Abel's Island,
Aberdeen,
Aberration,
Abhijan,
Abhimaan,
Abhimanyu,
Abnormal Family: Older Brother's Bride,
The Abominable Dr. Phibes,
The Abominable Snowman,
About Adam,
About a Boy,
About Cherry,
About Last Night...,
About Schmidt,
About Time,
Above the Law,
Above the Mountains,
Above the Rim,
Above Suspicion,
Abraham,
Abraham and Eugenia: Stories from Jewish Cuba,
Abraham Lincoln: Vampire Hunter,
Abraham's Gold,
Abraham's Valley,
"Abraxas, Guardian of the Universe",
Abre los ojos,
Absence of Malice,
The Absent-Minded Professor,
Absolut Warhola,
Absolute Power,
Absolute Zero,
The Abyss,
ACAB â€“ All Cops Are Bastards,
Acacia,
Accattone,
Accepted,
Accident,
The Accidental Husband,
The Accidental Spy,
The Accidental Tourist,
AcciÃ_n mutante,
The Accompanist,
Accumulator 1,
The Accused,
Accused,
Accused of Murder,
The Accused Uncle Shangang,
Ace Drummond,
Ace High,
Ace in the Hole,
Ace Ventura: Pet Detective,
Ace Ventura: When Nature Calls,
Ace Ventura Jr.: Pet Detective,
Aces Go Places,
Aces Go Places 2,
Aces Go Places 3,
Aces Go Places 4,
Aces High,
Aces: Iron Eagle III,
Achan,
Achut Kanya,
The Acid House,
Across 110th Street,
Across the Bridge ,
Across the Pacific,
Across the Tracks,
Across the Universe,
Across the Wide Missouri,
The Act in Question,
Act of Valor,
Act of Violence,
Action Jackson,
Action in the North Atlantic,
Action Replayy,
Action Of Tools,
Actor,
Actor,
Ad Fundum,
Ad-lib Night,
Adada,
Adam,
Adam & Steve,
Adam's Apples,
Adam's Rib,
Adanggaman,
Adaptation.,
The Addams Family,
Addams Family Reunion,
Addams Family Values,
Addicted,
Addicted to Love,
The Addiction,
Addiction,
Addio Zio Tom,
Address Unknown,
Adharam,
Adharm,
"AdiÃ_s, Sabata",
The Adjuster,
The Adjustment Bureau,
Admission,
Admission by Guts,
Adore,
Adrenaline Rush,
Adutha Varisu,
Adventure,
The Adventure of Faustus Bidgood,
The Adventure of Iron Pussy,
The Adventure of Sherlock Holmes' Smarter Brother,
The Adventure of Sudsakorn,
Adventure for Two,
Adventureland,
The Adventurer,
The Adventurers,
Adventures in Babysitting,
The Adventures of Baron Munchausen,
The Adventures of Barry McKenzie,
The Adventures of Brer Rabbit,
The Adventures of Buckaroo Banzai Across the 8th Dimension,
Adventures of Captain Marvel,
Adventures of a Dentist,
Adventures of Don Juan,
The Adventures of Elmo in Grouchland,
The Adventures of Ford Fairlane,
The Adventures of Huck Finn,
The Adventures of Ichabod and Mr. Toad,
Adventures of Juku the Dog,
The Adventures of Kathlyn,
The Adventures of Mary-Kate & Ashley: The Case of the Christmas Caper,
The Adventures of Mary-Kate & Ashley: The Case of the Fun House Mystery,
The Adventures of Mary-Kate & Ashley: The Case of the Hotel Who-Done-It,
The Adventures of Mary-Kate & Ashley: The Case of the Logical i Ranch,
The Adventures of Mary-Kate & Ashley: The Case of the Mystery Cruise,
The Adventures of Mary-Kate & Ashley: The Case of the SeaWorld Adventure,
The Adventures of Mary-Kate & Ashley: The Case of the Shark Encounter,
The Adventures of Mary-Kate & Ashley: The Case of Thorn Mansion,
The Adventures of Mary-Kate & Ashley: The Case of the U.S. Space Camp Mission,
The Adventures of Mary-Kate & Ashley: The Case of the United States Navy Adventure,
The Adventures of Mary-Kate & Ashley: The Case of the Volcano Mystery,
The Adventures of Milo and Otis,
The Adventures of Pinocchio,
The Adventures of Pluto Nash,
The Adventures of Prince Achmed,
"The Adventures of Priscilla, Queen of the Desert",
The Adventures of Rex and Rinty,
Adventures of the Road-Runner,
The Adventures of Robin Hood,
The Adventures of Robinson Crusoe,
The Adventures of Rocky and Bullwinkle,
The Adventures of Sharkboy and Lavagirl in 3-D,
The Adventures of Sherlock Holmes,
The Adventures of Sinbad 2,
The Adventures of Tintin: The Secret of the Unicorn,
The Adventures of a Two-Minute Werewolf,
Adventures in Wild California,
Advise & Consent,
Ae Dil Hai Mushkil,
Ae Fond Kiss...,
Aeg elada, aeg armastada
Aelita,
Aerial Anarchists,
Aerograd,
Aesop's Film Fables,
Aetbaar,
Aethiree,
An Aerial Joy Ride,
L'Adolescente,
Ã†on Flux,
An Affair,
The Affair of the Necklace,
An Affair to Remember,
Affair in Trinidad,
The Affairs of Cellini,
Affliction,
Afghan Breakdown,
Aflatoon,
Africa Screams,
Africa: The Serengeti,
African Cats,
The African Queen,
After All It's Only Life,
After Dark, My Sweet
After Death,
After Earth,
After the Fox,
After Hours,
After Life,
After Office Hours,
After the Rehearsal,
After Stonewall,
After the Sunset,
After the Thin Man,
After the Wedding,
After.Life,
Afterglow,
AfterLife,
Aftermath,
The Aftermath,
Aftermath: The Remnants of War,
Aftershock,
Against All Odds,
Against the Dark,
Against the Ropes,
Against The Wall,
Against the Wind,
Agantuk,
Agatha,
The Age of Consent,
Age of Consent,
The Age of Innocence,
The Age of Insects,
Age of Success,
Agent Cody Banks,
Agent Cody Banks 2: Destination London,
Agent F.O.X.,
Agent for H.A.R.M.,
Agent Orange,
Agent Vinod,
Agent Wild Duck,
The Ages of Lulu,
Aggar,
The Aggressives,
Agneepath,
Agnes of God,
Agnes and His Brothers,
Agni Sakshi,
The Agony and the Ecstasy,
Agora,
"Aguirre, the Wrath of God",
Ah! Nomugi Toge,
"Ah, Wilderness!",
Ahista Ahista,
Ahingsa-Jikko mee gam,
AhÃ_ estÃ¡ el detalle,
Ahora o nunca,
Ai City,
Ai-Fak,
Aida,
Aikatsu! The Movie,
Aikatsu! Music Award: Minna de ShÅç o MoraimaSHOW!,
Aileen Wuornos: The Selling of a Serial Killer,
Aileen: Life and Death of a Serial Killer,
AimÃ©e & Jaguar,
Ain't Them Bodies Saints,
Aina,
Air America,
Air Bud,
Air Bud Spikes Back,
Air Buddies,
Air Bud: Golden Receiver,
Air Bud: Seventh Inning Fetch,
Air Bud: World Pup,
Air Force,
Air Force One,
The Air I Breathe,
Air Raid Wardens,
The Air Up There,
Airborne,
Airheads,
Airlift,
Airplane II: The Sequel,
Airplane!,
Airport,
Airport '77,
Airport 1975,
Airspeed,
The Airzone Solution,
Aisha,
Aitraaz,
Ajab Gazabb Love,
Ajab Prem Ki Ghazab Kahani,
Ajay,
Ajnabee,
Ajooba,
Ajooba Kudrat Ka,
AKA,
Akasha Gopuram,
Akayla,
Akbar-Jodha,
Akeelah and the Bee,
Akele Hum Akele Tum,
Akira,
Akkada Abbai Ikkada Ammayi,
Akkare Akkare Akkare,
Akhiyon Se Goli Maare,
Akrobatisches Potpourri,
Akropol,
Aks,
Aksar,
L'Ã‚ge d'Or,
ÃÅguila o sol,
Al Franken: God Spoke,
Al Haram,
Al-Kompars,
Al-Lail,
Ala-Arriba!,
Aladdin,
Aladdin and His Wonderful Lamp,
Aladdin and the King of Thieves,
Alag,
Alai,
Alaipayuthey,
Alam Ara,
Alambrado,
Alambrista!,
The Alamo,
The Alamo: Thirteen Days to Glory,
Alan and Naomi,
An Alan Smithee Film: Burn Hollywood Burn,
Alas de Mariposa,
Alaska,
Alaska: Spirit of the Wild,
Alatriste,
Albela,
Albert,
Albert Nobbs,
Albert RN,
Albino Alligator,
Alegre Ma Non Troppo,
Aletta Jacobs: Het Hoogste Streven,
Alex Cross,
Alex and Emma,
Alexander,
Alexander the Great,
Alexander Nevsky,
Alexander Popov,
Alexander's Ragtime Band,
Alexandra's Project,
Alexandria,
Alfalfa's Aunt,
Alfie,
Algiers,
Algol: Tragedy of Power,
Ali,
Ali Baba Bujang Lapok,
Ali Baba Goes to Town,
Ali G Indahouse,
Ali Zaoua: Prince of the Streets,
Ali: Fear Eats the Soul,
Alias Jesse James,
Alibaba and the Thief,
Alibaba Aur 40 Chor,
The Alibi,
Alibi,
Alice,
Alice Adams,
Alice in the Cities,
Alice Doesn't Live Here Anymore,
Alice and Martin,
Alice in Wonderland,
Alice of Wonderland in Paris,
Alice's Adventures in Wonderland,
Alice's Restaurant,
"Alice, Sweet Alice",
Alien,
Aliens,
Alien 3,
Alien: Resurrection,
Alien Adventure,
Alien Apocalypse,
Alien Autopsy,
Alien Contamination,
Alien Dead,
The Alien Encounters,
Alien Hunter,
Alien Intruder,
Alien Lockdown,
Alien Nation,
Alien Nation: Body and Soul,
Alien Nation: Dark Horizon,
Alien Nation: The Enemy Within,
Alien Nation: Millennium,
Alien Nation: The Udara Legacy,
Alien vs. Predator,
Aliens vs. Predator: Requiem,
Alienator,
Aliens in the Attic,
Aliens of the Deep,
Alila,
Alissa in Concert,
Alive,
Alive: 20 Years Later,
All About Anna,
All About the Benjamins,
All About Eve,
All About Lily Chou-Chou,
All About My Mother,
All About Steve,
All About Women,
All Apologies,
All the Boys Are Called Patrick,
All the Boys Love Mandy Lane,
All Creatures Great and Small,
All Dogs Go to Heaven,
All Dogs Go to Heaven 2,
All Fall Down,
All the Fine Promises,
All Good Things,
All Hell Broke Loose,
All I Want,
All I Want for Christmas,
All Is Well,
All the Invisible Children,
All the King's Men,
All of Me,
All Men Are Mortal,
All Monsters Attack,
All My Babies,
All My Lenins,
All Night Long,
All Night Long 2,
All Night Long 3,
All or Nothing,
All Over the Guy,
All Over Me,
All the Best,
All the President's Men,
All the Pretty Horses,
All the Queen's Men,
All Quiet on the Western Front,
All the Real Girls,
All the Right Moves,
All Souls Day,
All That Falls Has Wings,
All That Heaven Allows,
All That Jazz,
All These Women,
All Things Fair,
All This and Rabbit Stew,
"All This, and Heaven Too",
All Through the Night,
All Together Now,
All Under the Moon,
All for the Winner,
All You Need Is Cash,
"All's Well, Ends Well",
"All's Well, Ends Well Too",
All-American Murder,
Allan Quatermain and the Lost City of Gold,
Allari Bullodu,
Allegro Non Troppo,
Alles auf Zucker!,
Alley Cats Strike,
Allied,
Alligator,
The Allnighter,
Alluda Majaka,
Almost An Angel,
Almost Famous,
Almost Heroes,
Almost Love,
Alone,
Alone,
Alone in the Dark,
Along Came Polly,
Along Came a Spider,
L'Alpagueur,
Alpha Dog,
Alpha and Omega,
The Alphabet Killer,
"Alphaville, a Strange Adventure of Lemmy Caution",
The Alps,
Alraune,
"Alraune, die Henkerstochter, genannt die rote Hanne",
Altered,
Altered Species,
Altered States,
Altitude,
Alucarda,
Alvin and the Chipmunks ,
Alvin and the Chipmunks Meet Frankenstein,
Alvin and the Chipmunks Meet the Wolfman,
Alvin and the Chipmunks: Chipwrecked,
Alvin and the Chipmunks: Chipwrecked,
Alvin and the Chipmunks: The Squeakquel,
Alvin Purple,
Always,
Alyas Batman en Robin,
Amadeus,
Amai Muchi,
Amanaat,
Amandla!: A Revolution in Four-Part Harmony,
Amanecer,
Amar Akbar Anthony,
Amar Prem,
Amaram,
Amarcord,
Amarkalam,
Amateur,
The Amazing Colossal Man,
The Amazing Dr. Clitterhouse,
Amazing Grace,
The Amazing Panda Adventure,
The Amazing Spider-Man,
The Amazing Spider-Man 2,
The Amazing Transparent Man,
The Amazing Truth About Queen Raquela,
Amazon Women on the Moon,
An Ambition Reduced to Ashes,
Amblin',
The Ambulance,
The Ambushers,
Amelia,
Amen,
Amen.,
America,
America America,
America Screams,
America's Sweethearts,
America: From Freedom to Fascism,
The American,
The American Astronaut,
American Beauty,
American Boy: A Profile of Steven Prince,
American Buffalo,
An American Carol,
American Casino,
An American Crime,
American Crude,
American Desi,
American Dog,
American Dream,
American Dreamz,
The American Friend,
American Friends,
American Gangster,
The American Gangster,
American Gigolo,
American Girl,
American Girls,
American Gothic,
American Graffiti,
American Guerrilla in the Philippines,
American Gun,
American Hardcore,
An American Haunting,
American Heart,
American History X,
American Hustle,
American Kickboxer,
American Kickboxer 2,
American Mary,
American Me,
American Movie,
American Ninja,
American Ninja 2: The Confrontation,
American Ninja 3: Blood Hunt,
American Ninja 4: The Annihilation,
American Ninja V,
American Outlaws,
An American in Paris,
American Pie,
American Pie 2,
American Pie 3: American Wedding,
American Pie Presents Band Camp,
American Pie 5: The Naked Mile,
American Pie Presents: Beta House,
American Pie Presents: The Book of Love,
American Reunion,
American Pop,
The American President,
American Psycho,
American Psycho 2: All American Girl,
An American Rhapsody,
American Shaolin,
American Sniper,
American Splendor,
An American Tail,
An American Tail: Fievel Goes West,
An American Tail: The Mystery of the Night Monster,
An American Tail: The Treasure of Manhattan Island,
American Violet,
An American Werewolf in London,
An American Werewolf in Paris,
Americana,
Americanese,
The Americanization of Emily,
Americathon,
Le Amiche,
Amigo,
AmigomÃ_o,
Amish Grace,
Amistad,
The Amityville Horror,
Amityville II: The Possession,
Amityville 3-D,
Amityville 4: The Evil Escapes,
The Amityville Curse,
Amityville Dollhouse,
Amityville: It's About Time,
Amityville: A New Generation,
L'Amore in CittÃ ,
Amore!,
Amores perros,
Amorosa,
Amos & Andrew,
Amour,
L'amour fou,
L'amour Ã  mort,
The Amphibian Man,
Amreeka,
Amsterdamned,
Amusement,
The Amy Fisher Story,
AmÃ©lie,
Les Amants de Montparnasse,
Anaconda,
Anacondas: The Hunt for the Blood Orchid,
Anaconda 3: Offspring,
Anacondas: Trail of Blood,
Anahat,
Analyze That,
Analyze This,
Anamika,
Anamorph,
Anand,
The Anarchist Cookbook,
Anarchists,
Anari,
Anastasia,
Anatomy,
Anatomy 2,
Anatomy of Hell,
Anatomy of a Murder,
Anbe Aaruyire,
Anbe Sivam,
Anchoress,
Anchorman: The Legend of Ron Burgundy,
Anchorman 2: The Legend Continues,
Anchors Aweigh,
And the Band Played On ,
And Everything is Going Fine,
And God Created Woman,
...And Justice for All.,
And Now My Love,
And Now For Something Completely Different,
And Now... Ladies and Gentlemen,
And the Sea Will Tell,
And the Ship Sails On,
And the Spring Comes,
And Then There Were None,
And You Thought Your Parents Were Weird,
Andaaz,
An Andalusian Dog,
Andarivaadu,
Andaz,
Andaz Apna Apna,
Andel PÃ¡ne 2,
The Anderson Tapes,
Andhrawala,
Andolan,
Andre,
Andrei Rublev,
Andrew and Jeremy Get Married,
Androcles and the Lion,
Android,
The Andromeda Nebula,
The Andromeda Strain,
Ang Tanging Ina,
ÃÅngel,
Angel,
The Angel,
Angel Baby,
Angel and the Badman,
Angel Eyes,
Angel Face,
Angel Heart,
Angel in My Pocket,
Angel on My Shoulder,
An Angel at My Table,
Angel Rodriguez,
Angel Square,
Angel's Egg,
The Angel's Egg,
Angel-A,
Angela,
Angela's Ashes,
Angelfist,
Angels,
Angels & Demons,
Angels & Insects,
Angels with Dirty Faces,
Angels in the Endzone,
Angels in the Infield,
Angels in the Outfield,
The Angels Wash Their Faces,
Anger Management,
Angie,
Anglo-Saxon Attitudes,
Angoor,
Angora Love,
The Angry Red Planet,
Angst,
Anguish,
Angulimala,
Angus,
"Angus, Thongs and Perfect Snogging",
Anima Mundi,
Animal,
The Animal,
Animal Crackers,
Animal Factory,
Animal Farm,
Animal House,
Animal Kingdom,
Animals Are Beautiful People,
Animalympics,
The Animatrix,
series:,
Beyond,
A Detective Story,
Final Flight of the Osiris,
Kid's Story,
Matriculated,
Program,
The Second Renaissance,
World Record,
Anjaam,
Anjaane,
Anjali,
Anjaneya,
Ankahee,
Ankuram,
Anmol,
Ankoku Joshi,
Anna,
Anna Christie,
Anna Karamazoff,
Anna Karenina,
Anna and the King,
Anna and the King of Siam,
Anna In Kungfuland,
Anna M.,
Annabelle,
Annabelle 2,
Annamalai,
Annamayya,
Annapolis,
Anne Frank Remembered,
Anne Frank: The Whole Story,
Anne of Green Gables,
Anne no Nikki,
Anne of the Thousand Days,
Annie,
Annie Get Your Gun,
Annie Hall,
Annie's Coming Out,
Annie: A Royal Adventure!,
The Anniversary,
The Anniversary Party,
Anniyan,
Anonymous,
Anonymous Rex,
Another,
Another 48 Hrs.,
Another Cinderella Story,
Another Day in Paradise,
Another Earth,
Another Fine Mess,
Another Gay Movie,
Another Man's Poison,
Another Mother,
Another Public Enemy,
Another Stakeout,
Another Thin Man,
"Another Time, Another Place",
Another Wild Idea,
Another Woman,
Another Year,
Another You,
The Answer Man,
The Ant Bully,
Antar Mahal,
Antarctic Journal,
Antarnaad,
Antham,
Anthony Adverse,
Anthony Kaun Hai,
Anthony Zimmer,
Antichrist,
Antitrust,
Antiviral,
Ant-Man,
Antoine and Colette,
Antoni GaudÃ_,
Antonia's Line,
Antonia: A Portrait of the Woman,
Antropophagus,
Antwone Fisher,
Antz,
Anupama,
Anvil! The Story of Anvil,
Any Bonds Today?,
Any Day Now,
Any Given Sunday,
Any Way the Wind Blows,
Any Which Way You Can,
Anything for Bread,
Anything Else,
Anything for Love,
Anything to Survive,
"Anytown, USA",
Anywhere But Here,
Anzio,
Aola Star,
Aozora Yell,
Apache,
Aparajito,
Aparichit,
The Apartment,
The Apartment,
Apartment,
Apartment Hunting,
Apartment Zero,
Apasionados,
The Ape Man,
Apocalypse Now,
Apocalypto,
Apollo 13,
Apollo 18,
The Apostle,
The Appaloosa,
Appaloosa,
The Apparition,
The Apple,
The Apple Dumpling Gang,
The Apple Dumpling Gang Rides Again,
Apple Trees,
Appleseed,
Appleseed Alpha,
Appointment with Death,
Appointment with Venus,
The Apprenticeship of Duddy Kravitz,
L'AppÃ¢t,
,
,
,
April 1st Vidudhala,
April Bride,
April Fool's Day,
April Fools,
April Snow,
April Story,
APT,
Apt Pupil,
Apur Sansar,
The Aqua Teen Hunger Force Colon Movie Film for Theaters,
Aquamarine,
Arabesque,
Arabian Nights,
Arachnid,
Arachnophobia,
Aradhana,
Araf,
Aragami,
Arahan,
Aran,
Arang,
Aranya Rodan,
Aranyer Din Ratri,
Ararat,
Arbitrage,
"L'Arbre, le maire et la mÃ©diathÃ¨que",
Arcade,
Arch of Triumph,
Archangel,
The Archangel,
Arctic Blue,
Are We Done Yet?,
Are We There Yet?,
Area 51,
Are You Scared?,
The Arena,
Arena,
L'Argent,
Argo,
Argument About Basia,
Aria,
Arinthum Ariyamalum,
Arirang,
Arirang 3,
Arirang Geuhu Iyagi,
Arisan!,
The Aristocats,
The Aristocrats,
Arizona Dream,
Arjun,
Ark,
Arlington Road,
Armaan,
Armageddon,
L'armata Brancaleone,
Armed and Dangerous,
Armed and Innocent,
Armitage III: Poly-Matrix,
Armor Hero Atlas,
Armor Hero Captor King,
Armored,
Armored Car Robbery,
Armour of God,
Armour of God II: Operation Condor,
Army of Darkness,
Army of Shadows,
L'ArmÃ©e des ombres,
Arn: The Knight Templar,
Around the Bend,
Around the World in 80 Days,
Around the World Under the Sea,
Arranged,
The Arrangement,
The Arrival,
Arrival,
The Arrival of Averill,
ArrivÃ©e d'un train en gare de la Ciotat,
ArrivÃ©e d'un train gare de Vincennes,
L'Arroseur,
L'Arroseur ArrosÃ©,
Arrowsmith,
Arsenal,
Arsenal,
The Arsenal Stadium Mystery,
Arsenic and Old Lace,
The Arsonist,
ArsÃ¨ne Lupin,
Art & Copy,
Art Deco Detective,
Art of the Devil,
Art of the Devil 2,
Art of the Devil 3,
Art of Fighting,
The Art of Getting By,
Art Museum by the Zoo,
Art and Remembrance: The Legacy of Felix Nussbaum,
Art School Confidential,
The Art of Seduction,
The Art of War,
Artemisia,
Arthur,
Arthur and the Invisibles,
Arthur and the Revenge of Maltazard,
Arthur 3: The War of the Two Worlds,
Arthur 2: On the Rocks,
Arthur Christmas,
Arthur Newman,
Artie Lange's Beer League,
Artificial Intelligence: A.I.,
Artificial Paradise,
The Artist,
Artists and Models,
Aru yo no Tonosama,
Arul,
Arya,
Arya 2,
Aryan,
The Aryan,
As Good as It Gets,
As In Heaven,
As It Is in Heaven,
As Tears Go By,
As You Like It,
The Ascent,
Ashani Sanket,
Ashanti,
Ashes and Diamonds,
Ashes of Time,
Ashok,
Ashokan,
Asian Stories ,
Ask the Dust,
Ask A Policeman,
Asoka,
Aspen Extreme,
The Asphalt Jungle,
The Assassin of the Tsar,
Assassin of Youth,
The Assassination Bureau,
Assassination Classroom,
Assassination Classroom: Graduation,
The Assassination of Jesse James by the Coward Robert Ford,
The Assassination of Richard Nixon,
The Assassination of Trotsky,
Assassination Tango,
Assassins,
Assassin's Creed,
Assault on Precinct 13,
Assault on Wall Street,
Assembly,
Assia and the Hen with the Golden Eggs,
The Assignment,
Assunta Spina,
Asterix and the Big Fight,
Asterix in Britain,
Asterix and Cleopatra,
Asterix Conquers America,
Asterix the Gaul,
Asterix Versus Caesar,
Asterix and the Vikings,
Asteroid,
The Astounding She-Monster,
Astro Boy,
The Astro-Zombies,
The Astronaut Farmer,
The Astronaut's Wife,
Asura,
Asylum,
At Any Price,
At First Sight,
At Cafe 6,
At the Circus,
At Close Range,
At the Earth's Core,
At the Edge of Conquest: The Journey of Chief Wai-Wai,
At the Edge of the Law,
At the End of the Day: The Sue Rodriguez Story,
At Ground Zero,
At Home Among Strangers,
At Long Last Love,
At the Max,
At Midnight I'll Take Your Soul,
At Play in the Fields of the Lord,
At Risk,
At War with the Army,
L'Atalante,
Atanarjuat: The Fast Runner,
Athena,
Athisaya Piravi,
The Athlete,
ATL,
Atlantic City,
Atlantis,
The Atlantis Interceptors,
"Atlantis, the Lost Continent",
Atlantis: The Lost Empire,
Atlantis: Milo's Return,
Atlas Shrugged: Part I,
Atlas Shrugged: Part II,
ATM,
Atoll K,
Atomic Blonde,
The Atomic Cafe,
The Atomic Kid,
The Atomic Submarine,
Atomic Train,
Atonement,
Atragon,
Attack,
Attack of the 50 Foot Woman,
Attack of the 50 Ft. Woman,
Attack of the 60 Foot Centerfold,
Attack the Block,
Attack of the Crab Monsters,
Attack Force Z,
Attack the Gas Station,
Attack of the Giant Leeches,
Attack of the Killer Tomatoes,
Attack of the Monsters,
Attack of the Mushroom People,
Attack on the Pin-Up Boys,
Attack of the Puppet People,
Attack on Titan,
The Attacks of 26/11,
Attagasam,
Attenberg,
Attica,
Attilas '74,
Au Hasard Balthazar,
"Au Revoir, Les Enfants",
"Au Revoir, UFO",
Audition,
Audrey Rose,
Auggie Rose,
August Rush,
August Underground,
August Underground's Mordum,
August Underground's Penance,
Augustin,
Auntie Mame,
El Aura,
Aurangzeb,
Aurora: Operation Intercept,
Aurore,
Austin Powers in Goldmember,
Austin Powers: International Man of Mystery,
Austin Powers: The Spy Who Shagged Me,
Australia,
Australian Rules,
Auto Focus,
Autobiography of a Princess,
Autograph,
Automaton Transfusion,
Autopsy,
Autour d'une cabine,
Autumn Adagio,
An Autumn Afternoon,
Autumn Ball,
Autumn Leaves,
Autumn Moon,
Autumn in New York,
Autumn Sonata,
Autumn Tale,
Avakasi,
Avalanche Alley,
Avalon,
Avanti!,
Avatar,
The Avengers,
Avengers: Age of Ultron,
Avenging Angelo,
Aventure Malgache,
The Aviator,
AVPR: Aliens vs Predator - Requiem,
Avvai Shanmugi,
Avvaiyyar,
L'avventura,
Awaara,
Awaargi,
Awake,
The Awakening,
Awakening of Rip,
Awakenings,
Awara Paagal Deewana,
Awaragira,
Away from Her,
Away We Go,
Awesome; I Fuckin' Shot That!,
The Awful Truth,
An Awfully Big Adventure,
Aya Sawan Jhoom Ke,
Ayam El-Sadat,
Aye Auto,
Ayee Milan Ki Bela,
Azhagan,
The Aztec Mummy Against the Humanoid Robot,
Azumi,
Azumi 2: Death or Love,